{"cameraMode":{"drawMode":0,"name":"Shaded","section":"Shading Mode"},"sceneLighting":true,"audioPlay":false,"sceneViewState":{"m_AlwaysRefresh":false,"showFog":true,"showSkybox":false,"showFlares":true,"showImageEffects":true,"showParticleSystems":true,"showVisualEffectGraphs":true,"m_FxEnabled":true},"in2DMode":false,"pivot":{"x":49.82101821899414,"y":7.0246195793151859,"z":-1.8591015338897706},"rotation":{"x":-0.006515515502542257,"y":-0.7529628276824951,"z":0.007452625781297684,"w":-0.6580033898353577},"size":5.330951690673828,"orthographic":false}